n.pgr;Nome Istituto;codice;Centro di costo;codice;Denominazione intervento;Determina;Tipologia di intervento;Manutenzioni;Stato della procedura;RUP;importo stanziato;importo stimato;Anno di riferimento;Data prevista inizio;Data prevista fine;Avviati?;PTLLPP;
001;SCU_001 - I.T.C.G. FERMI - LOCALITA IS ARRUASTAS;SCU_001;;SCU_001_001;ACCORDO QUADRO SERVIZIO FINALIZZATO ALLÆATTUAZIONE DELLE AZIONI PREVENTIVE PER IL CONTROLLO DELLA PROLIFERAZIONE DI MURIDI NEGLI EDIFICI SCOLASTICI DELLA PROVINCIA DEL SULCIS IGLESIENTE E SERVIZI ACCESSORI;Determina n.112 del 31/12/2025;Accordo/Servizio;VERO;in corso;DG; Ć 17.928,80 ;;;;;SI;SI;
002;SCU_001 - I.T.C.G. FERMI - LOCALITA IS ARRUASTAS;SCU_001;;SCU_001_002;Servizio di Gestione Conduzione e Manutenzione Ordinaria e ripartiva per ripristino funzionale per gli impianti termici e di condizionamento;Determina n.60 del 27/10/2025;Accordo/Servizio;VERO;in corso;GF; Ć 145.520,04 ;;;;;SI;SI;
003;SCU_001 - I.T.C.G. FERMI - LOCALITA IS ARRUASTAS;SCU_001;;SCU_001_003;Servizio di manutenzione per gli impianti elevatori;Determina n.47 del 19/09/2025;Accordo/Servizio;VERO;in corso;GF; Ć 79.856,00 ;;;;;SI;SI;
004;SCU_001 - I.T.C.G. FERMI - LOCALITA IS ARRUASTAS;SCU_001;;SCU_001_004;Servizio di manutenzione estintori;Determina n.52 del 07/10/2025;Accordo/Servizio;VERO;in corso;GF; Ć 40.000,00 ;;;;;SI;SI;
005;SCU_002 - IPIA FERRARIS - VIA CANEPA 17;SCU_002;;SCU_002_005;ACCORDO QUADRO SERVIZIO FINALIZZATO ALLÆATTUAZIONE DELLE AZIONI PREVENTIVE PER IL CONTROLLO DELLA PROLIFERAZIONE DI MURIDI NEGLI EDIFICI SCOLASTICI DELLA PROVINCIA DEL SULCIS IGLESIENTE E SERVIZI ACCESSORI;Determina n.112 del 31/12/2025;Accordo/Servizio;VERO;in corso;DG; Ć 17.928,80 ;;;;;SI;SI;
006;SCU_002 - IPIA FERRARIS - VIA CANEPA 17;SCU_002;;SCU_002_006;Servizio di Gestione Conduzione e Manutenzione Ordinaria e ripartiva per ripristino funzionale per gli impianti termici e di condizionamento;Determina n.60 del 27/10/2025;Accordo/Servizio;VERO;in corso;GF; Ć 145.520,04 ;;;;;;;
007;SCU_002 - IPIA FERRARIS - VIA CANEPA 17;SCU_002;;SCU_002_007;Servizio di manutenzione per gli impianti elevatori;Determina n.47 del 19/09/2025;Accordo/Servizio;VERO;in corso;GF; Ć 79.856,00 ;;;;;;;
008;SCU_002 - IPIA FERRARIS - VIA CANEPA 17;SCU_002;;SCU_002_008;Servizio di manutenzione estintori;Determina n.52 del 07/10/2025;Accordo/Servizio;VERO;in corso;GF; Ć 40.000,00 ;;;;;;;
009;SCU_002 - IPIA FERRARIS - VIA CANEPA 17;SCU_002;;SCU_002_009;"Lavori di manutenzione straordinaria e adeguamento normativo dell'I.P.S.I.A. ""FERRARIS"" di via Canepa ad Iglesias-Intervento finanziato dall'unione europea Next Generation Eu";;Manutenzione straordinaria;FALSO;in corso;AV; Ć 938.000,00 ;;;;;;;J38B20000460001
010;SCU_003 - IPIA FERRARIS -SUCCURSALE VIA PACINOTTI;SCU_003;;SCU_003_010;Servizio di Gestione Conduzione e Manutenzione Ordinaria e ripartiva per ripristino funzionale per gli impianti termici e di condizionamento;Determina n.60 del 27/10/2025;Accordo/Servizio;VERO;in corso;GF; Ć 145.520,04 ;;;;;SI;SI;
011;SCU_003 - IPIA FERRARIS -SUCCURSALE VIA PACINOTTI;SCU_003;;SCU_003_011;Servizio di manutenzione per gli impianti elevatori;Determina n.47 del 19/09/2025;Accordo/Servizio;VERO;in corso;GF; Ć 79.856,00 ;;;;;;;
012;SCU_003 - IPIA FERRARIS -SUCCURSALE VIA PACINOTTI;SCU_003;;SCU_003_012;Servizio di manutenzione estintori;Determina n.52 del 07/10/2025;Accordo/Servizio;VERO;in corso;GF; Ć 40.000,00 ;;;;;;;
013;SCU_004 - IST. MAGISTRALE BAUDI DI VESME - LOCALITA FUNTANAMARZU;SCU_004;;SCU_004_013;Servizio di manutenzione estintori;Determina n.52 del 07/10/2025;Accordo/Servizio;VERO;in corso;GF; Ć 40.000,00 ;;;;;;;
014;SCU_004 - IST. MAGISTRALE BAUDI DI VESME - LOCALITA FUNTANAMARZU;SCU_004;;SCU_004_014;"PNRR (Missione 4, Componente 1, Investimento 3.3) - ōLAVORI DI MANUTENZIONE STRAORDINARIA E ADEGUAMENTO NORMATIVO DELLÆ I.M. ""C. BAUDI DI VESME"" DI IGLESIAS";Determina n. 439 del 02/12/2022;Manutenzione straordinaria;FALSO;in corso;AE; Ć 1.032.000,00 ;;;;;;;
015;SCU_004 - IST. MAGISTRALE BAUDI DI VESME - LOCALITA FUNTANAMARZU;SCU_004;;SCU_004_015;EDISU_20SCL01.01_ Interventi per lÆadeguamento alla normativa antincendio, D.M. 30 giugno 2020, n.43. Istituto Magistrale ōC. Baudi di Vesmeö, Via Monsignor A. Saba, Iglesias.;Determina n. 201 del 25/05/2021;Manutenzione straordinaria;FALSO;in corso;AE; Ć 116.500,00 ;;;;;;;
016;SCU_005 - IST. MAGISTRALE BAUDI DI VESME - PALESTRA LOCALITA FUNTANAMARZU;SCU_005;;SCU_005_016;ACCORDO QUADRO SERVIZIO FINALIZZATO ALLÆATTUAZIONE DELLE AZIONI PREVENTIVE PER IL CONTROLLO DELLA PROLIFERAZIONE DI MURIDI NEGLI EDIFICI SCOLASTICI DELLA PROVINCIA DEL SULCIS IGLESIENTE E SERVIZI ACCESSORI;Determina n.112 del 31/12/2025;Accordo/Servizio;VERO;in corso;DG; Ć 17.928,80 ;;;;;SI;SI;
017;SCU_005 - IST. MAGISTRALE BAUDI DI VESME - PALESTRA LOCALITA FUNTANAMARZU;SCU_005;;SCU_005_017;Servizio di manutenzione estintori;Determina n.52 del 07/10/2025;Accordo/Servizio;VERO;in corso;GF; Ć 40.000,00 ;;;;;;;
018;SCU_006 - LICEO ARTISTICO - PIAZZA COLLEGIO;SCU_006;;SCU_006_018;;;;;;;;;;;;SI;SI;
019;SCU_007 - LICEO SCIENTIFICO ASPRONI - (Fabbr. 1) LOCALITA SU PARDU;SCU_007;;SCU_007_019;ACCORDO QUADRO SERVIZIO FINALIZZATO ALLÆATTUAZIONE DELLE AZIONI PREVENTIVE PER IL CONTROLLO DELLA PROLIFERAZIONE DI MURIDI NEGLI EDIFICI SCOLASTICI DELLA PROVINCIA DEL SULCIS IGLESIENTE E SERVIZI ACCESSORI;Determina n.112 del 31/12/2025;Accordo/Servizio;VERO;in corso;DG; Ć 17.928,80 ;;;;;SI;SI;
020;SCU_007 - LICEO SCIENTIFICO ASPRONI - (Fabbr. 1) LOCALITA SU PARDU;SCU_007;;SCU_007_020;Servizio di Gestione Conduzione e Manutenzione Ordinaria e ripartiva per ripristino funzionale per gli impianti termici e di condizionamento;Determina n.60 del 27/10/2025;Accordo/Servizio;VERO;in corso;GF; Ć 145.520,04 ;;;;;;;
021;SCU_007 - LICEO SCIENTIFICO ASPRONI - (Fabbr. 1) LOCALITA SU PARDU;SCU_007;;SCU_007_021;Servizio di manutenzione per gli impianti elevatori;Determina n.47 del 19/09/2025;Accordo/Servizio;VERO;in corso;GF; Ć 79.856,00 ;;;;;;;
022;SCU_007 - LICEO SCIENTIFICO ASPRONI - (Fabbr. 1) LOCALITA SU PARDU;SCU_007;;SCU_007_022;Servizio di manutenzione estintori;Determina n.52 del 07/10/2025;Accordo/Servizio;VERO;in corso;GF; Ć 40.000,00 ;;;;;;;
023;SCU_007 - LICEO SCIENTIFICO ASPRONI - (Fabbr. 1) LOCALITA SU PARDU;SCU_007;;SCU_007_023;Collaudo scala antincendio;Stima;Manutenzione straordinaria;FALSO;in programmazione;AE; Ć 3.000,00 ;;;;;;;
024;SCU_008 - LICEO SCIENTIFICO ASPRONI - (Fabbr. 2) LOCALITA SU PARDU;SCU_008;;SCU_008_024;ACCORDO QUADRO SERVIZIO FINALIZZATO ALLÆATTUAZIONE DELLE AZIONI PREVENTIVE PER IL CONTROLLO DELLA PROLIFERAZIONE DI MURIDI NEGLI EDIFICI SCOLASTICI DELLA PROVINCIA DEL SULCIS IGLESIENTE E SERVIZI ACCESSORI;Determina n.112 del 31/12/2025;Accordo/Servizio;VERO;in corso;DG; Ć 17.928,80 ;;;;;;;
025;SCU_008 - LICEO SCIENTIFICO ASPRONI - (Fabbr. 2) LOCALITA SU PARDU;SCU_008;;SCU_008_025;Servizio di Gestione Conduzione e Manutenzione Ordinaria e ripartiva per ripristino funzionale per gli impianti termici e di condizionamento;Determina n.60 del 27/10/2025;Accordo/Servizio;VERO;in corso;GF; Ć 145.520,04 ;;;;;;;
026;SCU_008 - LICEO SCIENTIFICO ASPRONI - (Fabbr. 2) LOCALITA SU PARDU;SCU_008;;SCU_008_026;Servizio di manutenzione per gli impianti elevatori;Determina n.47 del 19/09/2025;Accordo/Servizio;VERO;in corso;GF; Ć 79.856,00 ;;;;;;;
027;SCU_008 - LICEO SCIENTIFICO ASPRONI - (Fabbr. 2) LOCALITA SU PARDU;SCU_008;;SCU_008_027;Servizio di manutenzione estintori;Determina n.52 del 07/10/2025;Accordo/Servizio;VERO;in corso;GF; Ć 40.000,00 ;;;;;;;
028;SCU_008 - LICEO SCIENTIFICO ASPRONI - (Fabbr. 2) LOCALITA SU PARDU;SCU_008;;SCU_008_028;Azione 1.1 Promozione dell'uso delle energie rinnovabile programma JTF;Convenzione RAS;Lavori;FALSO;in corso;GF; Ć 166.120,00 ;;;;;;;
029;SCU_008 - LICEO SCIENTIFICO ASPRONI - (Fabbr. 2) LOCALITA SU PARDU;SCU_008;;SCU_008_029;PNRR (Missione 4, Componente 1, Investimento 3.3) - ōLAVORI DI MANUTENZIONE STRAORDINARIA E ADEGUAMENTONORMATIVO DEL I.I.S. 'G. ASPRONI' IN LOCALIT└ SU PARDU 2 AD IGLESIASö.- ;Determina n. 446 del 06/12/2022;Manutenzione straordinaria;FALSO;in corso;AE; Ć 1.164.000,00 ;;;;;;;
030;SCU_008 - LICEO SCIENTIFICO ASPRONI - (Fabbr. 2) LOCALITA SU PARDU;SCU_008;;SCU_008_030;PNRR M.4 C.1 I.1.3 - ōLAVORI DI COSTRUZIONE DI UNA PALESTRA A SERVIZIO DELLÆISTITUTO DI ISTRUZIONE SUPERIORE ōASPRONIö IN LOCALIT└ SU PARDU 2 A IGLESIAS;Determina n. 469 del 25/09/2023;Lavori;FALSO;in corso;AE; Ć 3.200.000,00 ; Ć 2450000,00 +  Ć 750000,00 COFINANZ. ;;;;;;
031;SCU_008 - LICEO SCIENTIFICO ASPRONI - (Fabbr. 2) LOCALITA SU PARDU;SCU_008;;SCU_008_031;EDISU_20SCL01.03_ Interventi per lÆadeguamento alla normativa antincendio, D.M. 30 giugno 2020, n.43. IIS ōG.Asproniö, Loc. Su Pardu 2, Iglesias;Determina n. 237 del 21/06/2021;Manutenzione straordinaria;FALSO;in corso;AE; Ć 116.500,00 ;;;;;;;
032;SCU_009 - MINERARIO ASPRONI - VIALE ASPRONI;SCU_009;;SCU_009_032;Servizio di Gestione Conduzione e Manutenzione Ordinaria e ripartiva per ripristino funzionale per gli impianti termici e di condizionamento;Determina n.60 del 27/10/2025;Accordo/Servizio;VERO;in corso;GF; Ć 145.520,04 ;;;;;;;
033;SCU_009 - MINERARIO ASPRONI - VIALE ASPRONI;SCU_009;;SCU_009_033;Servizio di manutenzione per gli impianti elevatori;Determina n.47 del 19/09/2025;Accordo/Servizio;VERO;in corso;GF; Ć 79.856,00 ;;;;;;;
034;SCU_009 - MINERARIO ASPRONI - VIALE ASPRONI;SCU_009;;SCU_009_034;Servizio di manutenzione estintori;Determina n.52 del 07/10/2025;Accordo/Servizio;VERO;in corso;GF; Ć 40.000,00 ;;;;;;;
035;SCU_010 - IST. ANGIOY - VIA COSTITUENTE;SCU_010;;SCU_010_035;ACCORDO QUADRO SERVIZIO FINALIZZATO ALLÆATTUAZIONE DELLE AZIONI PREVENTIVE PER IL CONTROLLO DELLA PROLIFERAZIONE DI MURIDI NEGLI EDIFICI SCOLASTICI DELLA PROVINCIA DEL SULCIS IGLESIENTE E SERVIZI ACCESSORI;Determina n.112 del 31/12/2025;Accordo/Servizio;VERO;in corso;DG; Ć 17.928,80 ;;;;;;;
036;SCU_010 - IST. ANGIOY - VIA COSTITUENTE;SCU_010;;SCU_010_036;Servizio di manutenzione per gli impianti elevatori;Determina n.47 del 19/09/2025;Accordo/Servizio;VERO;in corso;GF; Ć 79.856,00 ;;;;;;;
037;SCU_010 - IST. ANGIOY - VIA COSTITUENTE;SCU_010;;SCU_010_037;Servizio di manutenzione estintori;Determina n.52 del 07/10/2025;Accordo/Servizio;VERO;in corso;GF; Ć 40.000,00 ;;;;;;;
038;SCU_011 - IST. GRAMSCI - AMALDI - VIA DELLE CERNITRICI;SCU_011;;SCU_011_038;Accordo Quadro per la manutenzione degli edifici scolastici e delle sedi amministrative del Sulcis Iglesiente;Determina n.95 del 11/12/2025;Manutenzione straordinaria;FALSO;in corso;DG; Ć 133.825,00 ;;;;;;;
039;SCU_011 - IST. GRAMSCI - AMALDI - VIA DELLE CERNITRICI;SCU_011;;SCU_011_039;ACCORDO QUADRO SERVIZIO FINALIZZATO ALLÆATTUAZIONE DELLE AZIONI PREVENTIVE PER IL CONTROLLO DELLA PROLIFERAZIONE DI MURIDI NEGLI EDIFICI SCOLASTICI DELLA PROVINCIA DEL SULCIS IGLESIENTE E SERVIZI ACCESSORI;Determina n.112 del 31/12/2025;Accordo/Servizio;VERO;in corso;DG; Ć 17.928,80 ;;;;;;;
040;SCU_011 - IST. GRAMSCI - AMALDI - VIA DELLE CERNITRICI;SCU_011;;SCU_011_040;Servizio di Gestione Conduzione e Manutenzione Ordinaria e ripartiva per ripristino funzionale per gli impianti termici e di condizionamento;Determina n.60 del 27/10/2025;Accordo/Servizio;VERO;in corso;GF; Ć 145.520,04 ;;;;;;;
041;SCU_011 - IST. GRAMSCI - AMALDI - VIA DELLE CERNITRICI;SCU_011;;SCU_011_041;Servizio di manutenzione per gli impianti elevatori;Determina n.47 del 19/09/2025;Accordo/Servizio;VERO;in corso;GF; Ć 79.856,00 ;;;;;;;
042;SCU_011 - IST. GRAMSCI - AMALDI - VIA DELLE CERNITRICI;SCU_011;;SCU_011_042;Azione 1.1 Promozione dell'uso delle energie rinnovabile programma JTF;Convenzione RAS;Lavori;FALSO;da avviare;GF; Ć 275.050,00 ;;;;;;;
043;SCU_011 - IST. GRAMSCI - AMALDI - VIA DELLE CERNITRICI;SCU_011;;SCU_011_043;Servizio di manutenzione estintori;Determina n.52 del 07/10/2025;Accordo/Servizio;VERO;in corso;GF; Ć 40.000,00 ;;;;;;;
044;SCU_011 - IST. GRAMSCI - AMALDI - VIA DELLE CERNITRICI;SCU_011;;SCU_011_044;LAVORI DI MANUTENZIONE STRAORDINARIA E ADEGUAMENTO NORMATIVO DELL'I.I.S. GRAMSCI - AMALDI DI CARBONIA C.U.P. J48B20001330001 - INTERVENTO FINANZIATO DALL'UNIONE EUROPEA NEXT GENERATION EU;;Manutenzione straordinaria;FALSO;in corso;AV; Ć 700.683,88 ;;;;;;;
045;SCU_012 - IST. GRAMSCI-AMALDI succursale - VIA BRIGATA SASSARI 35;SCU_012;;SCU_012_045;ACCORDO QUADRO SERVIZIO FINALIZZATO ALLÆATTUAZIONE DELLE AZIONI PREVENTIVE PER IL CONTROLLO DELLA PROLIFERAZIONE DI MURIDI NEGLI EDIFICI SCOLASTICI DELLA PROVINCIA DEL SULCIS IGLESIENTE E SERVIZI ACCESSORI;Determina n.112 del 31/12/2025;Accordo/Servizio;VERO;in corso;DG; Ć 17.928,80 ;;;;;;;
046;SCU_012 - IST. GRAMSCI-AMALDI succursale - VIA BRIGATA SASSARI 35;SCU_012;;SCU_012_046;Servizio di Gestione Conduzione e Manutenzione Ordinaria e ripartiva per ripristino funzionale per gli impianti termici e di condizionamento;Determina n.60 del 27/10/2025;Accordo/Servizio;VERO;in corso;GF; Ć 145.520,04 ;;;;;;;
047;SCU_012 - IST. GRAMSCI-AMALDI succursale - VIA BRIGATA SASSARI 35;SCU_012;;SCU_012_047;Servizio di manutenzione per gli impianti elevatori;Determina n.47 del 19/09/2025;Accordo/Servizio;VERO;in corso;GF; Ć 79.856,00 ;;;;;;;
048;SCU_012 - IST. GRAMSCI-AMALDI succursale - VIA BRIGATA SASSARI 35;SCU_012;;SCU_012_048;Azione 1.1 Promozione dell'uso delle energie rinnovabile programma JTF;Convenzione RAS;Lavori;FALSO;da avviare;GF; Ć 275.050,00 ;;;;;;;
049;SCU_012 - IST. GRAMSCI-AMALDI succursale - VIA BRIGATA SASSARI 35;SCU_012;;SCU_012_049;Servizio di manutenzione estintori;Determina n.52 del 07/10/2025;Accordo/Servizio;VERO;in corso;GF; Ć 40.000,00 ;;;;;;;
050;"SCU_013 - IST. PROF.LE IPIA ""E. LOI""- VIA DALMAZIA";SCU_013;;SCU_013_050;ACCORDO QUADRO SERVIZIO FINALIZZATO ALLÆATTUAZIONE DELLE AZIONI PREVENTIVE PER IL CONTROLLO DELLA PROLIFERAZIONE DI MURIDI NEGLI EDIFICI SCOLASTICI DELLA PROVINCIA DEL SULCIS IGLESIENTE E SERVIZI ACCESSORI;Determina n.112 del 31/12/2025;Accordo/Servizio;VERO;in corso;DG; Ć 17.928,80 ;;;;;;;
051;"SCU_013 - IST. PROF.LE IPIA ""E. LOI""- VIA DALMAZIA";SCU_013;;SCU_013_051;Servizio di Gestione Conduzione e Manutenzione Ordinaria e ripartiva per ripristino funzionale per gli impianti termici e di condizionamento;Determina n.60 del 27/10/2025;Accordo/Servizio;VERO;in corso;GF; Ć 145.520,04 ;;;;;;;
052;"SCU_013 - IST. PROF.LE IPIA ""E. LOI""- VIA DALMAZIA";SCU_013;;SCU_013_052;Servizio di manutenzione per gli impianti elevatori;Determina n.47 del 19/09/2025;Accordo/Servizio;VERO;in corso;GF; Ć 79.856,00 ;;;;;;;
053;"SCU_013 - IST. PROF.LE IPIA ""E. LOI""- VIA DALMAZIA";SCU_013;;SCU_013_053;Servizio di manutenzione estintori;Determina n.52 del 07/10/2025;Accordo/Servizio;VERO;in corso;GF; Ć 40.000,00 ;;;;;;;
054;SCU_014 - ISTITUTO BECCARIA - VIA UMBRIA;SCU_014;;SCU_014_054;Servizio di Gestione Conduzione e Manutenzione Ordinaria e ripartiva per ripristino funzionale per gli impianti termici e di condizionamento;Determina n.60 del 27/10/2025;Accordo/Servizio;VERO;in corso;GF; Ć 145.520,04 ;;;;;;;
055;SCU_014 - ISTITUTO BECCARIA - VIA UMBRIA;SCU_014;;SCU_014_055;Servizio di manutenzione per gli impianti elevatori;Determina n.47 del 19/09/2025;Accordo/Servizio;VERO;in corso;GF; Ć 79.856,00 ;;;;;;;
056;SCU_014 - ISTITUTO BECCARIA - VIA UMBRIA;SCU_014;;SCU_014_056;Servizio di manutenzione estintori;Determina n.52 del 07/10/2025;Accordo/Servizio;VERO;in corso;GF; Ć 40.000,00 ;;;;;;;
057;"SCU_015 - IPIA ""EMANUELA LOI - VIA BOLZANO 37";SCU_015;;SCU_015_057;ACCORDO QUADRO SERVIZIO FINALIZZATO ALLÆATTUAZIONE DELLE AZIONI PREVENTIVE PER IL CONTROLLO DELLA PROLIFERAZIONE DI MURIDI NEGLI EDIFICI SCOLASTICI DELLA PROVINCIA DEL SULCIS IGLESIENTE E SERVIZI ACCESSORI;Determina n.112 del 31/12/2025;Accordo/Servizio;VERO;in corso;DG; Ć 17.928,80 ;;;;;;;
058;"SCU_015 - IPIA ""EMANUELA LOI - VIA BOLZANO 37";SCU_015;;SCU_015_058;Servizio di Gestione Conduzione e Manutenzione Ordinaria e ripartiva per ripristino funzionale per gli impianti termici e di condizionamento;Determina n.60 del 27/10/2025;Accordo/Servizio;VERO;in corso;GF; Ć 145.520,04 ;;;;;;;
059;"SCU_015 - IPIA ""EMANUELA LOI - VIA BOLZANO 37";SCU_015;;SCU_015_059;Servizio di manutenzione estintori;Determina n.52 del 07/10/2025;Accordo/Servizio;VERO;in corso;GF; Ć 40.000,00 ;;;;;;;
060;"SCU_015 - IPIA ""EMANUELA LOI - VIA BOLZANO 37";SCU_015;;SCU_015_060;PNRR M.4 C.1 I.3.3 - ōLAVORI DI MESSA IN SICUREZZA E RIQUALIFICAZIONE DELLÆISTITUTO I.P.I.A. ōE. LOIö IN VIA BOLZANO A SANTÆANTIOCOö - CUP     J37H22000530009 ¢ CIG A004BE62F7 INTERVENTO FINANZIATO DALL'UNIONE EUROPEA NEXT GENERATIONEU;Determina n. 384 del 21/05/2023;Manutenzione straordinaria;FALSO;in corso;AE; Ć 1.619.186,02 ;;;;;;;
061;"SCU_015 - IPIA ""EMANUELA LOI - VIA BOLZANO 37";SCU_015;;SCU_015_061;Completamento laboratorio di cioccolatteria;Stima;Lavori;FALSO;in programmazione;AE; Ć 100.000,00 ;;;;;;;
062;"SCU_015 - IPIA ""EMANUELA LOI - VIA BOLZANO 37";SCU_015;;SCU_015_062;EDISU_20SCL01.02_Interventi per lÆadeguamento alla normativa antincendio, D.M. 30 giugno 2020, n.43. IPIA ōE. Loiö, Via Bolzano n.35, SantÆAntioco;Determina n.199 del 25/05/2021;Manutenzione straordinaria;FALSO;in corso;AE; Ć 116.500,00 ;;;;;;;
063;"SCU_016 -  IPIA ""EMANUELA LOI - VIA XXIV MAGGIO";SCU_016;;SCU_016_063;ACCORDO QUADRO SERVIZIO FINALIZZATO ALLÆATTUAZIONE DELLE AZIONI PREVENTIVE PER IL CONTROLLO DELLA PROLIFERAZIONE DI MURIDI NEGLI EDIFICI SCOLASTICI DELLA PROVINCIA DEL SULCIS IGLESIENTE E SERVIZI ACCESSORI;Determina n.112 del 31/12/2025;Manutenzione straordinaria;VERO;in corso;DG; Ć 17.928,80 ;;;;;;;
064;"SCU_016 -  IPIA ""EMANUELA LOI - VIA XXIV MAGGIO";SCU_016;;SCU_016_064;Servizio di Gestione Conduzione e Manutenzione Ordinaria e ripartiva per ripristino funzionale per gli impianti termici e di condizionamento;Determina n.60 del 27/10/2025;Accordo/Servizio;VERO;in corso;GF; Ć 145.520,04 ;;;;;;;
065;"SCU_016 -  IPIA ""EMANUELA LOI - VIA XXIV MAGGIO";SCU_016;;SCU_016_065;Servizio di manutenzione estintori;Determina n.52 del 07/10/2025;Accordo/Servizio;VERO;in corso;GF; Ć 40.000,00 ;;;;;;;
066;"SCU_016 -  IPIA ""EMANUELA LOI - VIA XXIV MAGGIO";SCU_016;;SCU_016_066;;;;FALSO;in corso;;;;;;;;;
067;"SCU_017 - IST. MAGISTRALE ""LUSSU""- VIA SALVO D'ACQUISTO 7";SCU_017;;SCU_017_067;ACCORDO QUADRO SERVIZIO FINALIZZATO ALLÆATTUAZIONE DELLE AZIONI PREVENTIVE PER IL CONTROLLO DELLA PROLIFERAZIONE DI MURIDI NEGLI EDIFICI SCOLASTICI DELLA PROVINCIA DEL SULCIS IGLESIENTE E SERVIZI ACCESSORI;Determina n.112 del 31/12/2025;Accordo/Servizio;VERO;in corso;DG; Ć 17.928,80 ;;;;;;;
068;"SCU_017 - IST. MAGISTRALE ""LUSSU""- VIA SALVO D'ACQUISTO 7";SCU_017;;SCU_017_068;Servizio di Gestione Conduzione e Manutenzione Ordinaria e ripartiva per ripristino funzionale per gli impianti termici e di condizionamento;Determina n.60 del 27/10/2025;Accordo/Servizio;VERO;in corso;GF; Ć 145.520,04 ;;;;;;;
069;"SCU_017 - IST. MAGISTRALE ""LUSSU""- VIA SALVO D'ACQUISTO 7";SCU_017;;SCU_017_069;Servizio di manutenzione per gli impianti elevatori;Determina n.47 del 19/09/2025;Accordo/Servizio;VERO;in corso;GF; Ć 79.856,00 ;;;;;;;
070;"SCU_017 - IST. MAGISTRALE ""LUSSU""- VIA SALVO D'ACQUISTO 7";SCU_017;;SCU_017_070;Servizio di manutenzione estintori;Determina n.52 del 07/10/2025;Accordo/Servizio;VERO;in corso;GF; Ć 40.000,00 ;;;;;;;
071;"SCU_018 - LICEO SCIENTIFICO ""LUSSU"" - VIA BOLZANO 50";SCU_018;;SCU_018_071;Accordo Quadro per la manutenzione degli edifici scolastici e delle sedi amministrative del Sulcis Iglesiente;Determina n.95 del 11/12/2025;manutenzione ordinaria;FALSO;in corso;DG; Ć 133.825,00 ;;;;;;;
072;"SCU_018 - LICEO SCIENTIFICO ""LUSSU"" - VIA BOLZANO 50";SCU_018;;SCU_018_072;ACCORDO QUADRO SERVIZIO FINALIZZATO ALLÆATTUAZIONE DELLE AZIONI PREVENTIVE PER IL CONTROLLO DELLA PROLIFERAZIONE DI MURIDI NEGLI EDIFICI SCOLASTICI DELLA PROVINCIA DEL SULCIS IGLESIENTE E SERVIZI ACCESSORI;Determina n.112 del 31/12/2025;Accordo/Servizio;VERO;in corso;DG; Ć 17.928,80 ;;;;;;;
073;"SCU_018 - LICEO SCIENTIFICO ""LUSSU"" - VIA BOLZANO 50";SCU_018;;SCU_018_073;Servizio di manutenzione per gli impianti elevatori;Determina n.47 del 19/09/2025;Accordo/Servizio;VERO;in corso;GF; Ć 79.856,00 ;;;;;;;
074;"SCU_018 - LICEO SCIENTIFICO ""LUSSU"" - VIA BOLZANO 50";SCU_018;;SCU_018_074;Servizio di manutenzione estintori;Determina n.52 del 07/10/2025;Accordo/Servizio;VERO;in corso;GF; Ć 40.000,00 ;;;;;;;
075;SCU_018 - IST. AGRARIO BECCARIA - VIA CAGLIARI 47;SCU_019;;SCU_019_075;ACCORDO QUADRO SERVIZIO FINALIZZATO ALLÆATTUAZIONE DELLE AZIONI PREVENTIVE PER IL CONTROLLO DELLA PROLIFERAZIONE DI MURIDI NEGLI EDIFICI SCOLASTICI DELLA PROVINCIA DEL SULCIS IGLESIENTE E SERVIZI ACCESSORI;Determina n.112 del 31/12/2025;Accordo/Servizio;VERO;in corso;DG; Ć 17.928,80 ;;;;;;;
076;SCU_018 - IST. AGRARIO BECCARIA - VIA CAGLIARI 47;SCU_019;;SCU_019_076;Servizio di Gestione Conduzione e Manutenzione Ordinaria e ripartiva per ripristino funzionale per gli impianti termici e di condizionamento;Determina n.60 del 27/10/2025;Accordo/Servizio;VERO;in corso;GF; Ć 145.520,04 ;;;;;;;
077;SCU_018 - IST. AGRARIO BECCARIA - VIA CAGLIARI 47;SCU_019;;SCU_019_077;Servizio di manutenzione per gli impianti elevatori;Determina n.47 del 19/09/2025;Accordo/Servizio;VERO;in corso;GF; Ć 79.856,00 ;;;;;;;
078;SCU_018 - IST. AGRARIO BECCARIA - VIA CAGLIARI 47;SCU_019;;SCU_019_078;Servizio di manutenzione estintori;Determina n.52 del 07/10/2025;Accordo/Servizio;VERO;in corso;GF; Ć 40.000,00 ;;;;;;;
079;SCU_020 - IST. AGRARIO BECCARIA - LOCALITA STAZIONE;SCU_020;;SCU_020_079;ACCORDO QUADRO SERVIZIO FINALIZZATO ALLÆATTUAZIONE DELLE AZIONI PREVENTIVE PER IL CONTROLLO DELLA PROLIFERAZIONE DI MURIDI NEGLI EDIFICI SCOLASTICI DELLA PROVINCIA DEL SULCIS IGLESIENTE E SERVIZI ACCESSORI;Determina n.112 del 31/12/2025;Accordo/Servizio;VERO;in corso;DG; Ć 17.928,80 ;;;;;;;
080;SCU_020 - IST. AGRARIO BECCARIA - LOCALITA STAZIONE;SCU_020;;SCU_020_080;Servizio di Gestione Conduzione e Manutenzione Ordinaria e ripartiva per ripristino funzionale per gli impianti termici e di condizionamento;Determina n.60 del 27/10/2025;Accordo/Servizio;VERO;in corso;GF; Ć 145.520,04 ;;;;;;;
081;SCU_020 - IST. AGRARIO BECCARIA - LOCALITA STAZIONE;SCU_020;;SCU_020_081;Servizio di manutenzione estintori;Determina n.52 del 07/10/2025;Accordo/Servizio;VERO;in corso;GF; Ć 40.000,00 ;;;;;;;
082;SCU_021 - IST. NAUTICO - CORSO BATTELLIERI;SCU_021;;SCU_021_082;ACCORDO QUADRO SERVIZIO FINALIZZATO ALLÆATTUAZIONE DELLE AZIONI PREVENTIVE PER IL CONTROLLO DELLA PROLIFERAZIONE DI MURIDI NEGLI EDIFICI SCOLASTICI DELLA PROVINCIA DEL SULCIS IGLESIENTE E SERVIZI ACCESSORI;Determina n.112 del 31/12/2025;Accordo/Servizio;VERO;in corso;DG; Ć 17.928,80 ;;;;;;;
083;SCU_021 - IST. NAUTICO - CORSO BATTELLIERI;SCU_021;;SCU_021_083;"ADEGUAMENTO DEL PONTILE FISSO IN CEMENTO PER 
ALLINEAMENTO IN QUOTA COL PONTILE GALLEGGIANTE PRESSO IL CENTRO VELICO 
DELLÆISTITUTO GLOBALE DI CARLOFORTE ¢ CIG B88AF49A78";Determina n.61 del 29/10/2025;Manutenzione straordinaria;FALSO;in corso;DG; Ć 2.720,03 ;;;;;;;
084;SCU_021 - IST. NAUTICO - CORSO BATTELLIERI;SCU_021;;SCU_021_084;Servizio di Gestione Conduzione e Manutenzione Ordinaria e ripartiva per ripristino funzionale per gli impianti termici e di condizionamento;Determina n.60 del 27/10/2025;Accordo/Servizio;VERO;in corso;GF; Ć 145.520,04 ;;;;;;;
085;SCU_021 - IST. NAUTICO - CORSO BATTELLIERI;SCU_021;;SCU_021_085;Servizio di manutenzione estintori;Determina n.52 del 07/10/2025;Accordo/Servizio;VERO;in corso;GF; Ć 40.000,00 ;;;;;;;
086;SCU_022 - NAUTICO SUCCURSALE - VIALE OSSERVATORIO;SCU_022;;SCU_022_086;Servizio di Gestione Conduzione e Manutenzione Ordinaria e ripartiva per ripristino funzionale per gli impianti termici e di condizionamento;Determina n.60 del 27/10/2025;Accordo/Servizio;VERO;in corso;GF; Ć 145.520,04 ;;;;;;;
087;SCU_022 - NAUTICO SUCCURSALE - VIALE OSSERVATORIO;SCU_022;;SCU_022_087;Servizio di manutenzione per gli impianti elevatori;Determina n.47 del 19/09/2025;Accordo/Servizio;VERO;in corso;GF; Ć 79.856,00 ;;;;;;;
088;SCU_022 - NAUTICO SUCCURSALE - VIALE OSSERVATORIO;SCU_022;;SCU_022_088;Servizio di manutenzione estintori;Determina n.52 del 07/10/2025;Accordo/Servizio;VERO;in corso;GF; Ć 40.000,00 ;;;;;;;
089;SCU_008 - LICEO SCIENTIFICO ASPRONI - (Fabbr. 2) LOCALITA SU PARDU;SCU_008;;SCU_008_089;"lavori urgenti di risanamento delle 
coperture dell'I.I.S. ""Asproni - Fermi"" sito in Iglesias, via Giovanni Falcone n. 7 (codice ARES: 
1110351218), CUP: H22B25005860005,";;Manutenzione straordinaria;FALSO;in corso;DG; Ć 600.000,00 ;;;;;;;
090;SEDI ISTITUTI SCOLASTICI PROVINCIA;EDI_001;;EDI_001_090;"Accordo Quadro manutenzione degli edifici scolastici e delle sedi amministrative della Provincia 
del Sulcis Iglesiente - AnnualitÓ 2026";Determina n.42 del 13/03/2026;Manutenzione straordinaria;FALSO;in corso;RO; Ć 134.930,00 ;;;;;;;
091;SCU_007 - LICEO SCIENTIFICO ASPRONI - (Fabbr. 1) LOCALITA SU PARDU;SCU_007;;SCU_007_091;"SERVIZIO DI MANUTENZIONE E MESSA IN SICUREZZA, SOSTITUZIONE  
INFISSI I.I.S.  G. ASPRONI   LOC. SU PARDU 1 (SEDE CENTRALE) E LOC. SU PARDU 2 (SUCCURSALE) 
IGLESIAS  CIG B9845DCABB";Determina n.103 del 22/12/2025;Accordo/Servizio;VERO;in corso;DG; Ć 40.850,00 ;;;;;;;
092;SCU_010 - IST. ANGIOY - VIA COSTITUENTE;SCU_010;;SCU_010_092;"FONDI PNRR 
M.4C.1I.3.3 LAVORI DI MANUTENZIONE STRAORDINARIA E ADEGUAMENTO NORMATIVO DEL I.I.S. G.M. 
ANGIOY DI CARBONIA - SERVIZIO DI CLASSIFICAZIONE DEL RISCHIO SISMICO";Determina n.122 del 31/12/2025;Progettazione;FALSO;in corso;AS; Ć 55.625,00 ;;;;;;;
093;SCU_008 - LICEO SCIENTIFICO ASPRONI - (Fabbr. 2) LOCALITA SU PARDU;SCU_008;;SCU_008_093;Azione 1.1 Promozione dell'uso delle energie rinnovabile programma JTF;Determina n.102 del 19/12/2025;Progettazione;FALSO;in corso;GF; Ć 30.394,94 ;;;;;;;
094;SCU_011 - IST. GRAMSCI - AMALDI - VIA DELLE CERNITRICI;SCU_011;;SCU_011_094;Azione 1.1 Promozione dell'uso delle energie rinnovabile programma JTF;Determina n.102 del 19/12/2025;Progettazione;FALSO;in corso;GF; Ć 42.924,18 ;;;;;;;
095;SEDE PROVINCIA VIA MAZZINI;EDI_000;;EDI_000_095;Azione 1.1 Promozione dell'uso delle energie rinnovabile programma JTF;Convenzione RAS;Lavori;FALSO;da avviare;GF; Ć 84.545,00 ;;;;;;;
096;SEDE PROVINCIA VIA MAZZINI;EDI_000;;EDI_000_096;Azione 1.1 Promozione dell'uso delle energie rinnovabile programma JTF;Determina n.102 del 19/12/2025;Progettazione;VERO;in corso;GF; Ć 17.534,57 ;;;;;;;
097;SCU_012 - IST. GRAMSCI-AMALDI succursale - VIA BRIGATA SASSARI 35;SCU_012;;SCU_012_097;Azione 1.1 Promozione dell'uso delle energie rinnovabile programma JTF;Convenzione RAS;Lavori+Progettazione;FALSO;da avviare;GF; Ć 698.743,14 ;;;;;;;
098;SEDE PROVINCIA VIA MAZZINI;EDI_000;;EDI_000_098;Ripristino non conformitÓ impianti elettrici di messa a terra;Procedura CAT avviata;Lavori;FALSO;da avviare;GF; Ć 7.500,00 ;;;;;;;
099;SCU_010 - IST. ANGIOY - VIA COSTITUENTE;SCU_010;;SCU_010_099;"PNRR M.4 C.1 I.3.3 - LAVORI DI MANUTENZIONE STRAORDINARIA E ADEGUAMENTO NORMATIVO DEL I.I.S. ""G.M. ANGIOY"" DI CARBONIAö - INTERVENTO FINANZIATO DALL'UNIONE EUROPEA NEXT GENERATION EU. CUP J58B20000360001";;Lavori;FALSO;in corso;AS; Ć 723.000,00 ;;;;;;;
100;SCU_021 - IST. NAUTICO - CORSO BATTELLIERI;SCU_021;;SCU_021_100;"PNRR M.4 C.1 I.3.3 - LAVORI DI MANUTENZIONE STRAORDINARIA E ADEGUAMENTO NORMATIVO DEL I.T.N. ""C. COLOMBO"" DI CARLOFORTEö - INTERVENTO FINANZIATO DALLÆUNIONE EUROPEA NEXT GENERATION EU CUP J48B20001320001";;Lavori;FALSO;in corso;AS; Ć 968.000,00 ;;;;;;;
101;SCU_021 - IST. NAUTICO - CORSO BATTELLIERI;SCU_021;;SCU_021_101;"FONDI PNRR -  M.4 C.1 I. 3.3 - Lavori di messa in sicurezza e adeguamento sismico dellÆIstituto Nautico ""C. Colombo"" di Carloforte - Intervento finanziato dall'Unione Europea Next Generation EU. CUP J55F22000460009";;Lavori;FALSO;in corso;AS; Ć 2.248.982,97 ;;;;;;;
102;SCU_012 - IST. GRAMSCI-AMALDI succursale - VIA BRIGATA SASSARI 35;SCU_012;;SCU_012_102;PNRR M.4 C.1 I.1.3 - LAVORI DI COSTRUZIONE DI UNA PALESTRA A SERVIZIO DEL IIS ōBECCARIAö DI CARBONIA. FINANZIATO DALLÆUNIONE EUROPEA NEXT GENERATION EU. CUP J45E22000130006;;Lavori;FALSO;in corso;AS; Ć 3.310.000,00 ;;;;;;;
103;SCU_012 - IST. GRAMSCI-AMALDI succursale - VIA BRIGATA SASSARI 35;SCU_012;;SCU_012_103;LAVORI DI MANUTENZIONE STRAORDINARIA E ADEGUAMENTO NORMATIVO DELL'I.I.S. GRAMSCI - AMALDI DI CARBONIA C.U.P. J48B20001330001 - INTERVENTO FINANZIATO DALL'UNIONE EUROPEA NEXT GENERATION EU;;Lavori;FALSO;in corso;AV; Ć 700.683,88 ;;;;;;;
104;SCU_002 - IPIA FERRARIS - VIA CANEPA 17;SCU_003;;SCU_003_104;"Lavori di manutenzione straordinaria e adeguamento normativo dell'I.P.S.I.A. ""FERRARIS"" di via Canepa ad Iglesias-Intervento finanziato dall'unione europea Next Generation Eu";;Lavori;FALSO;in corso;AV; Ć 938.000,00 ;;;;;;;
105;"SCU_018 - LICEO SCIENTIFICO ""LUSSU"" - VIA BOLZANO 50";SCU_018;;SCU_018_105;LAVORI DI MANUTENZIONE STRAORDINARIA E ADEGUAMENTO NORMATIVO LICEO E. LUSSU SANT'ANTIOCO;;Lavori;FALSO;in corso;DG; Ć 591.000,00 ;;;;;;;
106;EDI_008 CENTRO SPORTIVO POLIFUNZIONALE CERAMICA IGLESIA;EDI_008;;EDI_008_106;LAVORI DI RIQUALIFICAZIONE DELLÆIMPIANTO SPORTIVO ōCERAMICAö DI IGLESIAS;Determinazione n. 12 del 20/01/2026;Lavori;FALSO;in corso;AE; Ć 88.934,56 ;;;;;;;
107;EDI_008 CENTRO SPORTIVO POLIFUNZIONALE CERAMICA IGLESIA;EDI_008;;EDI_008_107;FSC 2014-2020. PIANO SPORT E PERIFERIE BANDO 2020. LAVORI DI COMPLETAMENTO E RIQUALIFICAZIONE DEL COMPLESSO SPORTIVO IN LOCALIT└ CERAMICA NEL COMUNE DI IGLESIAS - CUP J35I20000170004 - CIG 9572529CD1. ;;Lavori;FALSO;in corso;AS; Ć 1.142.932,13 ;;;;;;;
108;;;;_108;;;;;;;;;;;;;;
109;;;;;;;;;;;;;;;;;;
